{"cameraMode":{"drawMode":0,"name":"Shaded","section":"Shading Mode"},"sceneLighting":false,"audioPlay":false,"sceneViewState":{"showFog":true,"showMaterialUpdate":false,"showSkybox":true,"showFlares":true,"showImageEffects":true,"showParticleSystems":true},"in2DMode":false,"pivot":{"x":-0.10606127977371216,"y":1.0,"z":0.15357327461242677},"rotation":{"x":-0.000003265682835262851,"y":0.9999479651451111,"z":-0.00030962107121013105,"w":-0.010198831558227539},"size":5.221880912780762,"orthographic":false}