{"cameraMode":{"drawMode":0,"name":"Shaded","section":"Shading Mode"},"sceneLighting":true,"audioPlay":false,"sceneViewState":{"showFog":true,"showMaterialUpdate":false,"showSkybox":true,"showFlares":true,"showImageEffects":true,"showParticleSystems":true},"in2DMode":false,"pivot":{"x":-0.10606127977371216,"y":1.7999999523162842,"z":0.15357327461242677},"rotation":{"x":0.019789187237620355,"y":0.9715110659599304,"z":-0.2192901074886322,"w":0.08767315000295639},"size":23.624773025512697,"orthographic":true}